Temp_C,Humidity_%,Rain_mm,LeafWet_hours,PlantAge_days,Risk
22.49080237694725,82.43431805880391,5.756019741562287,4.0872499989755,44,0
34.01428612819832,49.15234257485568,9.701146863465622,0.8605426661718121,48,0
29.6398788362281,74.57730161000879,6.799692066809641,4.915546738742784,31,0
26.973169683940732,76.40290278297135,10.649889174958119,3.734609940760723,50,0
18.12037280884873,65.44784027814316,2.082715282382801,8.125447676820112,14,0
18.119890406724053,84.18665413748337,15.57179372724811,7.269350993432284,51,1
16.161672243363988,96.06202088614089,2.028376907766447,4.37512473837048,85,0
32.3235229154987,95.53411077440657,24.010695234670848,2.614710651059881,89,0
27.022300234864176,67.05036228424792,7.011362457312991,11.856431593867102,76,0
29.16145155592091,46.79428275044532,16.200357438135317,5.448019454353378,39,0
15.411689885916049,99.09047193774008,26.402372626843746,8.259290829362845,66,1
34.39819704323989,90.33388518675605,19.526321071415826,1.6866356109403293,82,0
31.648852816008436,47.47976087219601,15.988733596540058,5.827076395912774,38,0
19.246782213565524,95.25051295704233,9.730012593461268,0.33044063843358584,46,0
18.636499344142013,92.1937817237277,9.990057391745937,6.0654614149254,22,1
18.668090197068675,71.13028342756432,20.084608655945704,11.568208885412428,41,1
21.084844859190753,75.47652614469575,29.824180836635026,4.610480555829603,55,0
25.495128632644757,63.94016223220781,19.855175695481357,0.46795215089893905,32,0
23.638900372842315,43.28569832932188,16.733502521100746,0.37146949103212235,54,0
20.824582803960837,60.11183449875406,21.919515307177384,4.655841119362433,26,0
27.237057894447588,88.17120691588069,13.956168368511545,1.9202992375583285,75,0
17.789877213040835,40.27792138027617,1.8042702780235564,0.28022515593823094,15,0
20.842892970704362,60.00995030146865,16.868904476337296,9.074563367402122,27,0
22.327236865873836,63.8901216154566,28.728758535161408,5.502276106582688,31,0
24.12139968434072,72.24373617627538,5.259088270729789,3.4709372636718543,42,0
30.703519227860273,95.19133698476563,20.700146724619973,10.800998196197769,39,1
18.993475643167194,60.780759661957674,6.028010659771694,1.3936675224063073,41,0
25.284688768272233,60.81719211377366,16.074830534192436,11.471025947463831,51,0
26.848291377240848,84.25007488658491,2.9002934894015886,3.767600608528234,87,0
15.929008254399955,67.13307645338843,13.511128087745554,10.660844067704176,19,0
27.150897038028766,53.47628937639892,22.684899866857382,7.2353145177535385,45,0
18.41048247374583,67.1463709679616,10.427145727169462,9.920488316897849,43,0
16.30103185970559,48.45142122278799,19.94735173461654,11.808157958525571,82,0
33.977710745066666,50.5832191903734,23.863498823691877,3.4608652538249487,37,0
34.31264066149119,69.90206636436878,27.815334584383578,11.533625824891116,20,0
31.16794696232922,65.13552697027288,7.039262455663606,4.673782738829044,87,0
21.092275383467413,94.890754064086,11.979477474279244,4.626142856843067,48,0
16.95344228012768,61.74363394699799,4.572480399912523,4.084645251054068,56,0
28.684660530243136,74.8353010166826,29.774505064751256,6.496891288171023,28,1
23.803049874792027,77.93585727517183,27.81002903772886,1.8497405181418451,24,0
17.440764696895577,40.78566739530002,16.19871390841679,6.644537824296134,37,0
24.903538202225405,79.81224232100263,25.26099883129264,6.500457748920049,33,1
15.687770422304368,50.682158012185084,15.628739318161266,9.14282175125844,81,0
33.186408041575646,97.66421904816731,18.707570640082793,10.003799543251027,18,1
20.17559963200034,48.91976366518678,2.6737329634804983,5.2852962037490885,56,0
28.25044568707964,64.87744742362142,22.658112614904237,3.627998992217925,42,0
21.23422152178822,45.12098008471863,3.8314045090570445,3.1120187678051336,71,0
25.401360423556216,99.81245511075684,24.782028907575853,2.335486040458463,28,0
25.934205586865595,70.13170061987455,23.46084263011158,0.6917709863882986,76,0
18.69708911051054,75.72310103920262,21.262340932289295,4.1093757460165605,83,0
34.39169255529117,44.02458864330565,1.0848114157428634,3.242972305569399,49,0
30.50265646722229,84.99762822395067,9.093850678359859,11.59700863039689,56,1
33.78997883128378,52.594335585735145,7.893377097325286,6.6925059150005275,74,0
32.89654700855297,93.88325736644282,10.804092224145572,4.167324468366091,38,0
26.957999576221702,52.308378428920435,2.6292824029151562,6.965611211924352,59,0
33.437484700462335,51.441263239819996,28.108734690931882,1.670360416148346,22,0
16.76985004103839,42.192980070885696,16.61406722137129,5.328524990426435,10,0
18.919657248382904,68.32401670659996,9.165729319740706,7.514811857052766,43,0
15.90454577821076,73.89046799575698,11.909445512228503,5.866773981509416,57,1
21.506606615265287,43.94251836570114,13.41607621514507,4.821345607851891,86,0
22.77354579378964,86.53165700170064,18.01783000081852,11.926180666796379,57,2
20.426980635477918,67.19733008488166,15.470382830894934,10.563777145787125,58,0
31.57475018303859,71.4634161596548,27.58175919643252,7.480871497913281,73,1
22.135066533871786,66.44576481629369,14.908904487174908,6.832528334187393,70,0
20.618690193747614,64.04578365251956,29.76474044469938,7.447925757895009,38,0
25.853921663164968,73.57841987849307,25.542748732352873,2.415745293869199,48,0
17.818484499495252,49.31441475584275,6.255315430720074,4.741652919171823,35,0
31.043939615080795,50.91568782971627,27.91785643931749,0.4735143946907918,26,0
16.491012873595416,91.70713726081104,3.4909919365642827,5.7065524498419204,80,1
34.73773873201034,96.76692772801796,24.52349125473575,6.516295007491959,22,1
30.444895385933147,62.398558976785175,11.418698804297403,2.732996833238515,78,0
18.974313630683447,56.244680388613226,26.339229613352085,11.568346165986165,35,0
15.110442342472048,78.63997259434095,26.041700703223512,10.913455331246904,58,1
31.309228569096682,64.52405026588579,24.177762003528635,8.66571882547087,76,0
29.137146876952343,41.52318133962069,23.70091308921184,6.400639545184351,16,0
29.580143360819747,49.36915584197142,9.140374172941224,10.439629915772219,67,0
30.425406933718914,82.95833373084386,2.4275784915375653,1.567828125881555,58,0
16.480893034681806,79.53543651460907,12.089405362954844,9.48611753129862,62,1
22.169314570885454,41.62575955020901,5.20573544959526,1.4978497676021796,74,0
17.317381190502594,53.318329715976965,20.84853266707385,9.530527950592866,71,0
32.26206851751187,53.86448779528428,10.382991796133567,3.3092108190162834,26,0
27.46596253655116,80.3135646159237,29.268306025797447,10.525086972218267,52,1
21.617960497052984,41.18263226526185,19.22916232035996,11.328505125904774,34,0
16.27116700572047,46.24651491907443,24.67441690903083,1.7855516328613876,12,0
21.219646434313244,87.99496512239136,3.9757401822554526,5.552107260784722,88,1
21.503666440534943,50.71267972326002,25.860434468178678,11.771848537952222,38,0
29.59212356676128,79.16476647111247,27.68271571540183,5.800889231677759,41,1
27.751149427104263,54.29096686280359,14.611857564568076,10.362570270174542,35,0
32.744254851526534,45.96648356556071,18.187588132529324,7.064778265575838,25,0
24.444298503238986,54.590331459967246,22.944294027089864,4.503958895035222,34,0
17.391884918766035,83.33601591133956,5.245158817812376,3.4294026663104424,63,0
29.2648957444599,91.34178808637714,15.076982293903272,2.4386770930330472,37,0
30.21570097233795,89.8131918740195,11.959890833169393,9.141578296532366,82,1
26.225543951389923,63.83101177710729,4.391219764867474,4.6384860818763345,65,0
30.41934359909122,80.08510819423877,11.026032668745943,6.135305546409014,74,1
24.875911927287817,52.29905772494926,2.045169281564807,5.907905760014183,89,0
25.45465658763988,57.588863815660794,0.7743572084846095,6.927348350797574,50,0
23.550820367170992,93.78014911126718,4.054988674644683,10.386925747494626,60,2
15.508382534881903,40.780115410644164,28.893453347675216,11.768872123001152,80,0
17.157828539866088,45.13051185126808,16.48588607685051,4.891010502885804,87,0
15.628583713734685,52.47317530876164,28.9746648345966,9.930227065275638,38,0
27.72820822527561,41.59193223242918,12.97493634990396,9.174333535856611,28,0
21.287119621526536,50.88612610538784,9.354483992557787,6.882347417466879,75,0
25.171413823294056,74.98249365818154,15.184255885207323,11.472565723343198,50,1
33.15132947852186,65.28547303554987,13.185350658987304,2.4056941863408334,54,0
19.9858445829775,93.56030266461849,3.1699405278523174,1.311170523715457,24,0
23.207658460712594,89.04661370430645,19.224789440706186,10.247543603465065,12,2
30.111022770860973,60.509041101872555,6.481145475287988,5.26979779960498,20,0
19.57596330983245,55.56540600587755,18.587638646934888,10.163626250484725,62,0
16.53959819657586,62.78154449003601,19.5060327719446,10.71708246234498,55,0
20.79502905827536,75.41769655088846,4.560745593859443,0.7494911234288573,39,0
18.22442574508009,56.08381844937257,1.8404888133200448,10.601577155832729,66,0
33.59395304685146,77.44893447094805,23.422847582053194,5.379828664433067,27,1
31.16240759128834,64.56469913147443,13.794012713079605,6.125189868050787,60,0
27.66807513020847,73.1228308511188,1.7449138651642737,7.519110133118523,57,1
32.429211803754356,66.16759174811901,29.845989515093013,11.11659128076104,75,0
31.07344153798229,57.66794557251506,1.733416829890999,0.22939313315716836,17,0
18.731401177720716,96.9071984177294,20.851056865756597,5.722121619813805,31,1
32.85117996979956,85.81634764958565,29.510367757902408,8.252664509166728,15,1
25.786844838313016,48.40679054598715,7.175403126477768,8.672483492378742,85,0
31.14880310328125,92.10807855387478,4.267481060615886,8.310389178445295,66,1
32.92182599846986,69.24587189497082,3.641548182672867,1.6132215528974623,45,0
21.360069499437277,93.67313361364549,9.098254427027866,3.592747060460175,88,0
17.201038490553536,87.99131535683891,3.0313743303194007,4.304586305004161,66,0
19.558703250838832,65.512810268154,20.76484025082396,9.65324649215406,58,0
23.542155772525128,41.348158499207045,1.8687539439018808,3.3451184689746363,54,0
31.36029531844986,56.12064156309677,15.28266384449369,2.528459566406438,75,0
32.21461166512687,72.49805287965202,29.900905615589302,11.489376228457154,86,1
15.139042610623815,78.00869318956885,24.419108085180564,0.1063594213616268,54,0
25.214946051551316,55.47326112599214,18.456583146930328,11.973850268183739,88,0
23.348220062975578,48.36136444436945,9.18760862359835,8.121855586288747,29,0
19.442156209414605,90.09581420795794,18.716875088749156,9.941631593389404,73,2
17.397307346673657,99.06413084221313,15.811243917349548,3.535432756154318,76,0
21.75230342807256,71.54141093816115,12.782501516711145,0.17178333200471974,12,0
33.858194078250385,50.30075715089821,3.921311302205984,8.85443422273836,63,0
21.464058640415104,56.338439591162135,26.598126457214,10.00973516400811,87,0
25.37581243486732,41.103440592848,13.493539464639676,8.885713583442229,73,0
29.060379177903556,94.85792839362995,5.838675354622952,1.7142034476100632,49,0
22.27259204758588,47.06506497340847,11.032780526318689,9.04113506708363,68,0
34.435641654419214,74.59098853085521,12.42389257586781,9.227073385291693,64,1
34.24894589884222,56.44331324123236,24.82613686700623,7.902486188040658,71,0
20.035645916507285,73.2506801509476,22.00843141684206,9.193391193547034,13,1
24.94497011784771,79.08522330111185,23.079146809240193,10.151057276132786,69,1
21.017566196335395,89.7845082224321,0.3309379328594164,7.363249370849501,84,1
20.696809887549353,52.3852763056362,12.484619945392845,1.0632565676361487,39,0
15.737738947090655,40.65974971950883,14.440324549059708,5.85153371600653,11,0
27.191286679597937,48.213137804128436,0.5757683046917006,0.9317920160592608,71,0
25.05358046457723,94.0011185108863,7.794396262351027,4.89051637238917,58,0
16.029575024999787,92.43340465375091,22.80869469366405,4.885277869507531,18,0
20.57292928473223,75.8447861302185,4.113291171869972,0.792118129682899,40,0
33.165317719333075,76.0310116260192,16.05930394357775,4.185846407633752,70,0
19.79123781333945,79.90220047277532,6.456056160517125,1.331977185495778,88,0
17.897897441824462,50.522276717406974,0.3636232393167982,9.698822520110665,57,0
24.78905520555126,94.8647167554976,7.236043727986244,11.372256311573649,34,2
34.71300908221201,65.12623149352439,29.276212647301612,0.8677977030952633,45,0
19.84110543023001,62.98831169496985,24.046113356489688,11.461382487500417,17,0
28.442710948117572,71.13506231697025,28.787299329631,6.270919192040942,82,1
30.23239230657435,42.817958006503304,14.635621317790873,3.594788135446487,67,0
19.752750879847994,49.97700212536476,3.292085960325105,0.9223449033139621,54,0
29.56432697223719,84.28201698558223,16.43878466921079,6.007491216845014,71,1
22.355662654385064,44.967920075507585,13.631320036798826,9.534186533888985,48,0
27.64611661187159,76.1891265679833,25.330712482188478,8.485037727200378,67,1
27.670594215217896,54.72094658087926,2.942477423527338,0.6027121375676852,73,0
25.71549368149517,63.35773684251859,14.647234110653345,0.8748220244148421,53,0
16.805795401088165,57.32162420624199,4.501459940819528,4.834479391591645,38,0
31.70604991178476,61.34036298789695,9.7402778067018,3.5434859285753193,68,0
21.415601299434716,83.14275431105473,22.120712321633988,2.788611876672574,80,0
18.730370207997083,57.8273029373905,14.280543881062997,3.372053986904563,18,0
15.815502831095278,73.98427841781384,11.27664855437308,9.641792919562615,15,1
26.817858863764837,68.56302413194598,11.834288357101059,11.150736643582247,38,0
28.55128723684565,79.8202699217589,13.7834030521796,4.861232334330797,67,0
15.331756578557123,96.20978435948548,23.550496315111708,10.873332025589965,26,1
25.24186116598562,83.95432583261501,26.76254066820703,3.8579484149745835,25,0
19.529915503958758,52.896422715445404,28.66004059511785,5.717243836125499,12,0
27.903455808188998,41.87098810367708,23.607101587658853,2.7123479737919967,30,0
18.487328580099827,55.73584265798951,9.462206872440381,7.685712506110128,73,0
28.81875476204932,75.70467584201529,20.644041182596265,11.747773382097707,45,1
22.734706926010748,43.08554880905502,13.128093721661758,7.241917152520544,71,0
33.73459977473469,69.78197483207418,7.6401186613815355,4.293769009362586,51,0
17.750418882919867,75.81057093501335,25.22614738277768,7.7738093518863405,85,1
21.82132702100517,60.05463344901765,1.15279046886975,1.4750481415846508,51,0
17.269470424811782,86.25473222474932,27.052859764062706,10.663908963184785,70,1
33.49387236557126,46.39589518802631,13.844323938742026,6.037007409358036,22,0
32.54678706761962,44.50826690414853,19.116044304248412,5.392196904475705,20,0
20.15883255430311,83.6913253722162,19.78061766617348,7.03037746144223,63,1
28.19968092068358,69.72947897237191,26.85353222119609,7.4974063534728295,25,0
31.344444004024318,81.30414378566417,19.10009046501622,0.8613096747181563,17,0
26.10401623198925,66.08964031622477,18.418007542801853,8.19140665468083,68,0
25.59301156712013,54.78412199434641,1.9995612168206989,2.903180163786355,66,0
19.837045818009035,89.14613906045199,15.552240658356123,8.567431590079078,49,2
16.862055356117985,87.96495273813875,4.50507002451125,9.870417532610361,68,1
32.944315159066534,81.6817882512656,22.123013061644567,9.647502090630244,11,1
33.00836114326661,56.32870823379776,15.366657624380235,6.6300116088946695,85,0
27.66202914546536,75.41384001214523,20.4068333762506,6.242038707729014,19,1
21.780595820974014,61.65843381640161,1.250187018071528,1.7145115360729406,53,0
21.984191492253217,45.49492439959805,2.543760481374097,9.304153804837627,20,0
29.519113577404788,95.03881452773456,21.48970164188047,3.2569125653605724,88,0
32.94220519905154,48.209117855137684,2.162530079960201,5.9603450738153585,89,0
32.741728485302346,97.01424122924814,2.1377018329577577,3.4112891151302005,11,0
30.597510917152476,66.76034637747735,0.3632542570466235,1.6059403559963177,59,0
27.840632923085757,51.10797573031718,28.695041948984404,7.554692362700839,21,0
16.682799299900978,72.51405684270148,22.12525078377021,0.651984417874846,32,0
18.232574281892276,92.37675015258449,10.597542255061924,8.9837428095144,27,2
32.97108377054158,83.93349318457368,8.896067438629657,3.8110415431334,71,0
27.1285811931918,88.39366887168698,10.491096892375486,0.0016163160538238408,71,0
15.183941032332593,79.52700200264304,23.239605935435456,6.133549670846758,47,1
17.02943085732064,81.53659387107115,19.841118332112433,0.5622229023312375,76,0
28.270035382161115,90.95173909391916,5.555867036024038,3.3140346938507936,47,0
15.101231676924375,54.98008053155115,5.22328006002253,8.483717849468594,76,0
18.216161028349973,69.36549781858844,2.9518694914019195,0.7522754594623904,70,0
25.974675787331723,53.27256650917613,19.809081591040144,10.072061908272028,10,0
28.837903953853864,99.26008047979883,22.93117986665208,0.0458390719029973,54,0
28.03922519005201,96.64356038119679,7.951392849750121,2.961886430422827,37,0
19.485386189211198,42.365608682110356,0.6283488309273844,8.890848673824857,30,0
29.24358442695072,82.33451035094131,2.4651500242928206,3.7952417967516814,22,0
19.744981749936002,95.51489904493995,29.035801045350915,1.2227086567921623,36,0
21.507993963185356,50.83452070764001,8.863343324322608,4.322807025605135,16,0
29.92982810236048,74.07671383315777,23.07669443514401,3.2447194366143064,31,0
27.992657980944294,94.92929785528251,18.739907065627914,10.11254282592666,83,1
31.98446820988356,42.03675871514793,11.458189189586877,3.7601750110217176,62,0
28.15225784600687,81.84521603481039,6.170617865866653,9.467189661312087,88,1
26.36617206670943,57.840940442353045,3.641592544782193,10.702465737728817,88,0
16.87349535656185,95.46377172259182,18.450389041165998,5.205809034918355,13,1
22.35431606118867,98.26349470992207,23.239013419133638,10.919317726252704,32,2
20.30404735363451,96.65598934680604,19.31712760623392,4.527816647558314,79,0
19.87979286758167,68.45285299944783,15.90906399747475,11.568940997881299,85,0
34.46021109504891,91.72255905935882,1.258536702949088,1.0714742943068751,42,0
22.861954493335208,90.67296391210422,29.054663327831513,8.244231198038912,37,2
32.84093110354227,59.146028394595334,23.961425749637236,5.925768485483144,17,0
27.622772519945258,89.73492844904064,8.784661101028941,4.651785665467765,10,0
30.896226070832967,42.220458082929554,29.39910988076552,7.5925425449832105,46,0
25.052741862103844,75.77619270892319,18.056447689089662,8.446285099611973,72,1
26.53807769252718,53.80053023726218,17.472679746217395,0.05235923580370905,31,0
24.850353876377277,47.23401314663673,22.442195382885963,2.0034370649663846,79,0
18.90485975596089,44.61719209775255,24.353093642704128,8.556552607611824,30,0
29.44904230523011,81.77732655268838,19.69435821994508,7.996624962938478,44,1
20.615447248817116,60.39249782608397,3.8428723909860008,11.592570061544127,88,0
15.486319328629076,83.48600629172569,10.148025179834953,9.132453483009396,14,1
27.909445918143355,43.92138044793654,27.842509209781493,11.409272492776056,69,0
18.542213588140978,58.91742026983662,6.7384683553155575,8.430486018417684,55,0
33.80917168705828,72.36947754252023,11.1650107151254,3.576626503673318,59,0
34.07857154005175,87.44338989033781,12.96230648832588,1.2643790670102777,57,0
33.29728780440897,59.12515017592419,13.182149690833565,9.381886360139227,15,0
22.403174005108887,77.55348258622055,18.388187474835764,7.729790657710991,65,1
15.309132330577349,93.15866489417124,28.292275132341228,0.5782321487195548,68,0
33.566371251754504,76.95179129093827,7.2207813549751485,4.32060559081174,38,0
23.563682966346285,53.97756848521803,3.645041289027542,11.481597785811434,80,0
34.33309638087339,41.46404689339228,5.924114695798119,6.004813748522414,86,0
34.272399541785056,92.2059324340558,26.607747006278085,5.192749632236456,27,1
32.060189109347206,41.27616465102323,19.37432437965618,5.492395261911527,11,0
20.888977841391714,92.48210036105196,8.577203677174804,2.5065926880619647,17,0
22.701954572038506,71.73622804163273,24.47840816905852,4.424486050377542,84,0
32.02273343033714,96.34406191077377,25.84109989090308,4.43775907184612,63,0
21.338440103125553,87.92699414641993,25.39543016070834,0.6282602422496688,47,0
18.38985493372185,99.87604663200025,27.567796009186633,9.21081154221502,57,2
26.136025249167005,61.04270892710261,7.567230605200848,4.998053182846547,36,0
33.723095483215616,86.0312973358676,22.65125786238835,9.86615864179708,29,1
28.92059593349946,64.11585481655453,13.8161849182242,10.204176013438744,21,0
26.4012234017873,68.79253721823453,25.259956586701847,2.5439286563838968,52,0
16.943529875415372,77.6503277931022,21.854720314848397,7.888241786041543,70,1
27.300144533983396,92.42062685118032,23.293423394991738,5.6673816499557805,40,1
34.801077002085265,99.04500815195772,19.684855130432144,10.56188085505782,70,1
17.801680304730482,86.0964048318711,5.322863084091206,2.5888881501174494,83,0
25.366593047274733,65.06600693004003,16.35080756690815,8.133758403720531,76,0
32.54746143855911,65.2814201366242,29.540092185735247,7.29302546703267,44,0
29.815372355084087,84.25493809533349,28.121641994913567,3.5436177308619934,24,0
28.94031481990536,54.32662874609814,1.29521207391035,1.6392108438140713,25,0
29.049681679742186,46.62844678788368,4.944444471883114,7.819677125727319,22,0
22.189823024395103,61.27732945844659,3.951863203636857,8.863169497587968,44,0
20.871836885289866,57.2343394992449,21.779397299558866,3.7875281251602,84,0
31.187223109570272,57.778487227359406,24.53355989570835,7.7379912482677655,68,0
31.202267893583617,54.0164650629946,6.405340989320157,4.741570891338039,30,0
32.341446371602075,42.525591378181716,15.17558078855487,8.558482599391413,63,0
33.26481105112943,41.07243608400483,25.221090840336,2.3905832987286373,84,0
25.226847977218757,99.26334338416189,21.98404634298752,10.682580031634092,39,1
25.030325893743992,65.66638802415174,16.26711616475545,3.4489151575869568,57,0
30.965903579335503,63.0595988295809,17.710430713763188,4.413431853073835,44,0
27.999278615555305,80.77883696158419,15.250816407488399,0.6971034249641974,47,0
29.03933754515407,53.09523327190385,8.926453539564617,1.3381465478553167,40,0
30.91585338872202,96.99767103701352,16.950659785770483,6.1903428325479375,87,1
32.800106836351326,87.18070086493313,20.66655906150272,3.211112120735658,33,0
21.759903137030715,45.36466013873557,26.19968747582423,10.025762708906333,58,0
22.51165905279888,65.0548465470957,19.088740619377443,0.17632066385944611,41,0
16.87963879681738,92.74709845372988,22.83364611129474,4.549128584063235,64,0
26.56560281992348,96.68392133748462,4.80214904863719,4.048146561229112,88,0
15.718845475934842,68.04409067499219,13.846724232593697,0.23193157101121242,67,0
24.311960362649202,76.80468335264246,0.2799485948127989,1.4924207880061227,12,0
25.85289269415153,50.02203676552451,7.400365935648691,4.963712099023623,89,0
20.730825042565687,99.4701175682186,21.793851453390147,5.91437501336936,78,1
26.816665211380215,53.90030208300661,29.754298540480903,4.85147696705843,19,0
15.610004998780989,96.56390644810753,2.975342987616477,6.371252140945126,34,1
15.746963774984287,78.97879893954212,12.044829475838647,7.141580098868179,77,1
31.452011213193167,76.46420769273155,24.002129060974784,0.11908585353402756,70,0
22.20381282822526,70.76131066099052,6.121069038866965,5.569141913442047,38,1
17.541210253037697,53.84018870306552,16.65254847906859,11.56199089065106,28,0
25.444865201096086,50.591681920330494,21.992138880890245,6.228387361554585,52,0
30.399871061972217,53.22917254421052,18.47956350780537,8.130507209507439,75,0
19.316420549936865,51.18629572865527,5.640742038462484,3.7423662950025984,83,0
27.457809516380003,86.7750684140052,10.661537060572183,9.28789653783315,70,1
16.70694929987536,61.0075155500038,23.513753534561918,9.27505778251338,52,0
16.033634423372153,43.47056059380378,16.6267954239605,6.255552571849668,34,0
25.62709263136296,98.14615780844868,0.1568884062873821,11.712165879350563,29,1
25.81270243220213,93.02715309780554,22.829722800842816,1.5066025771518405,57,0
27.748598029964132,95.66513699171279,1.059340648207172,0.20337197867497192,33,0
29.52182667445323,99.69446935878611,22.372013481936964,9.241898541085153,20,1
34.517041589250695,50.433714953169236,6.0744168049571226,9.68586644837859,64,0
25.326006966023904,63.77452113415953,28.742204403581407,1.442486749446915,37,0
21.45912945882492,85.49430854224548,11.038222539062534,3.186993995503273,78,0
30.90372389537407,81.76123708322754,9.807948490142373,0.2106283603995469,72,0
20.416645025241486,49.233754380391304,4.46664150997334,3.5197033293667763,68,0
23.779428414112722,88.94998749943707,9.168126464706447,9.277702487024058,14,2
16.56912762684532,53.46643431019964,26.299522854846018,6.215526332550947,60,0
15.50701486830915,53.42905688935738,29.89003012881742,4.177147118019457,30,0
34.2529682935585,72.21846537360481,11.04928591520545,4.460871538875963,21,0
31.719602410244118,75.57639609050219,13.458318928636277,0.01624350858561785,59,0
28.91948412187396,74.80517247026867,21.66212814608211,3.5976063307828308,13,0
23.179058888285397,45.489210243865294,26.585873413952235,7.757504899655165,51,0
18.465886401416917,92.64765175782281,17.791330025603525,11.690333325796285,47,2
18.12874085342172,55.93600255532236,11.74577094533488,10.164729923806794,34,0
20.004857963291904,47.77089527696825,12.378655225458711,0.2831395757463495,23,0
25.984533294122407,93.32488479213863,20.868544394904205,10.782727256098072,84,1
29.291918454001248,97.3390898937852,0.09654790812836045,9.39838095958351,41,1
28.203947534354626,91.72765703592704,18.58768012379522,9.364513482851764,20,1
20.598677938918858,88.57096448349269,10.664790313240722,5.495949108042858,70,1
34.097305613263885,79.3145188383413,23.825919938312527,4.776063515454034,27,0
29.75793833391537,73.05144223654835,2.789719194693965,3.6349887459983115,36,0
26.087081050228015,45.21920559468461,17.646068008451714,0.7883383074523893,64,0
27.234414924687044,64.50719278424192,14.429186696583713,2.7388243619243893,63,0
23.3920012485558,62.36131102073884,19.26976577715682,2.9592436197362955,84,0
19.95461979002315,55.585227025619574,1.9456078344890504,5.808924836522419,30,0
22.119453573025233,83.40520682131509,17.399513622843937,8.969332879160328,53,1
30.15692220928738,69.75254410472624,16.844537638785713,5.685717940775359,14,0
15.287869772595117,44.862772954458876,16.819802832485127,0.6941333933659273,50,0
17.321452810138325,53.21099211698868,18.104629997893646,11.493477611858447,68,0
15.920052840435055,80.99552581957576,20.294038116790865,11.312691829129347,63,1
15.814576046379402,44.56785156941801,24.149669990423092,9.4222745177809,83,0
32.10921168022014,91.07241484292612,8.09462160384643,11.895934818770646,31,1
29.073157187600472,69.70879162083847,24.75148230540186,6.5337879936031555,74,0
24.483476581746505,68.83519463959888,14.94767046790361,11.553220203038473,73,0
16.95668321302003,75.54446707957106,2.3117483740299347,0.9072604874010093,80,0
24.832317502336647,89.48085795550895,1.756527877319376,4.388168979136456,13,0
24.469435415611315,60.86855247413158,10.027149560881824,2.70457521608119,74,0
18.464037398200304,80.68096915354381,23.546909313344027,2.3499970096112404,24,0
23.67703298475946,73.94391783974746,21.230428042227473,1.689635386712113,85,0
22.97009468794747,56.02169621016528,23.658448940172192,7.46896369879196,31,0
27.31700196104433,92.71779918130949,15.518071693248281,9.37586226896766,56,1
27.701873017352874,87.8455612964157,13.205969938664717,6.939580793044328,55,1
15.90608019544089,79.50711007950554,4.423575801188519,1.763552515058516,23,0
22.492252292529425,91.03490374565452,9.845782608279347,9.73348523920165,59,2
27.517198314284727,92.03765205758813,13.020580985216258,7.631456485964742,29,1
25.062725171601755,82.50177860290208,2.658012890388517,4.657988473523947,59,0
32.12979682376644,90.22079970182033,6.618358581336338,8.089563546432755,42,1
28.173872632378902,81.84828770015702,17.946758821912166,3.118859750913994,68,0
18.258688541628594,80.80844630561802,22.069893427175696,4.142306501930526,52,0
16.411374948008596,77.11668269291106,29.95042534178849,11.009830117583883,88,1
27.84838556412631,85.16299837345846,27.99339994030673,3.4860540680570447,21,0
15.530226210832437,49.51630631758442,19.276955986055746,5.639859217895239,49,0
26.715511625469265,92.85224555193571,12.63744159882216,10.681693648752177,29,1
33.80460482849915,92.31061166471392,19.08532094124698,8.49265620321033,47,1
26.50948355751758,41.75483698207355,23.56954854240696,0.746438713976433,12,0
22.763398524130437,89.54900503388576,3.5500857277016196,1.767636531347644,37,0
27.865764368847064,47.73219204840671,12.297146690888647,0.09409908926300181,65,0
24.165057809830333,60.10713125554851,25.194068569068516,7.571061482749961,22,0
25.9123357863187,84.61049537749646,11.51498855799132,5.3720811049250194,86,1
33.8292961755305,49.64559376289849,17.156168136815594,1.6112982108273064,75,0
22.722052756015486,89.07802144714373,17.633080825865946,11.495209452681244,46,2
34.22381127647829,89.92805067746451,5.5342875940091805,6.355916687347438,58,1
33.107012839121275,70.44806402565017,10.867063249568652,2.90271952935467,75,0
18.915822695785927,40.383152303010014,10.035338662257963,6.007242853856491,45,0
16.38722601750331,57.22228799049476,0.7859012559619438,8.155443992821294,63,0
17.01556002754853,77.01561510254453,0.7257529167406573,0.9148706156827737,35,0
15.364436513030995,98.87117068164541,24.950911310273202,3.296445780574704,84,0
16.88885921511857,77.9088116210001,8.192124299184373,9.683585890607922,81,1
28.660135468327137,55.588214863849586,15.542362987164463,5.515978444831935,49,0
16.42377296920458,78.04034218597668,8.961767207663192,6.558925704387539,52,1
21.379512605875227,72.39912278295134,28.220377353460215,5.193792026513631,31,1
31.89750621938909,86.79072370906862,7.778902765973212,0.5267993117160614,29,0
15.465438714716518,46.4188383296175,12.889704382168052,1.9889973578418711,17,0
31.289369651778717,85.66167415012168,26.181907514538054,5.346499664902691,38,1
20.637095495468,72.47599472056662,25.25800700375426,2.510225584895134,49,0
17.363296552433127,97.77952023153968,5.583042535388319,0.5997483439161448,39,0
28.934743307283014,60.51232996232116,24.079299293871312,10.123795968621884,64,0
27.578856935597678,77.9573135880369,13.74560660213678,11.77431034996939,25,1
32.549440270541055,95.92168633060105,14.489066162560656,9.517714487960873,55,1
29.701420876077716,46.15058367944076,4.004399172478314,10.245419060456005,71,0
31.06961860769697,96.23370923418707,2.41804541271374,2.9037255638045445,16,0
20.64069145142613,81.27314333804881,21.838179209212957,11.527523706158398,89,1
18.548790875594456,44.07022354631032,14.893834570658992,2.3631084534411406,54,0
30.012295032817168,58.057814016808976,13.105521078455386,11.417157724341987,68,0
31.13669478534528,82.4903253187169,21.8852468595719,11.937831527591413,65,1
34.81010284001347,44.041036088126305,22.96538696973329,8.540673668952586,57,0
23.25235353822853,74.9302276105764,4.767245030080607,11.773724781501862,36,1
22.440361715855666,60.752983417177404,18.30675448432924,6.834477354805244,62,0
30.528259214839935,77.25493106604863,4.060622468330566,3.114501398113084,82,0
21.816070805060356,42.74452202875077,22.54125258087137,5.24395062798745,44,0
33.61514651207129,92.29220836914257,19.708654688014185,7.122731224545431,60,1
32.16825503686024,98.4093381506438,28.698438632503738,0.8769787443241799,46,0
23.579880547500366,98.13267131714149,2.0687404906926354,7.468119175406953,66,1
30.017421355829946,84.97910990457548,1.7116416345376295,11.774134041147533,17,1
30.090857481693646,47.80517440783792,8.465612240796004,2.2812917974047315,88,0
17.062477376718654,85.49579175574135,7.851170512077179,9.5111413954606,29,1
33.05105813359133,41.47521498752809,7.409363972159994,10.894785525355433,62,0
25.105047448957144,41.327413091739835,27.1876374156311,11.32441911384265,21,0
31.529149322154833,59.41661314897247,7.486385995485183,11.521627252865366,58,0
21.400992020612236,69.31859142427994,8.15849178385893,6.257515664657664,26,0
32.91046456992401,86.22444506846759,22.78194787253891,11.727694895898043,73,1
22.784033574683264,80.9977225963903,13.4921952735162,9.087722485613266,51,1
15.216753029605968,66.7541623826049,23.301316708655435,1.9400572348435428,38,0
33.10763952838528,56.41759997689995,1.9609847269315572,5.722801277615639,28,0
16.82573353572267,99.82747000946267,14.62713581020153,8.619974104464047,20,1
21.3862727518083,65.57087813415838,1.008408005498479,2.968083789829,59,0
34.0012393410161,67.08322145978053,1.8795961036606357,7.687382202586648,80,0
34.012142938751126,49.81742927150015,27.193123600332328,7.999205748559431,67,0
26.46875776246572,87.68857292499575,4.177361133527855,1.9523969257027907,43,0
27.636744243395984,81.62093354688932,15.972620468256514,6.781023749433075,29,1
23.968910439566393,53.24617676732562,12.332868078021196,9.259522931743293,59,0
20.86421543396129,44.94286273695056,10.42029978776528,5.986747974431303,19,0
21.57329090739832,80.82995812448279,26.995000370618175,0.1452374013132891,41,0
28.450369121540767,79.27067285686812,0.654701903264685,0.10846162895150613,61,0
30.0474905887536,56.395571619892564,19.913690585267673,4.284352127640146,24,0
30.83158087451697,97.05181373502462,28.901833026406514,11.114328821181385,12,1
30.792362855891078,49.06347350685401,16.805045503855258,2.7441213552433052,46,0
16.824122060973806,65.94008806255611,28.104673860992754,7.612364266460245,49,0
24.88840609405163,96.61695521005593,1.567736378580713,2.664910448319847,81,0
16.151175200332887,65.18363901556734,12.563799572224841,3.8600398759145835,49,0
25.990577646474712,78.31155685984513,7.804733728861535,10.176505075217808,65,1
23.83061002746754,63.855663877767654,21.924628949421894,8.746337307239362,32,0
32.754083655166,56.452912140920205,29.4389127149174,1.1447913277585275,20,0
22.018300251041573,99.0386588775897,7.6959018733274345,5.144424251837203,73,1
17.341340328552118,64.56004037890258,19.625238044222233,0.3500371637431736,17,0
17.859833641056717,93.64595222074806,5.942928982792203,5.770681759236108,65,1
30.230212634349446,53.79727635346517,16.959907637148298,7.949208140412817,69,0
27.364361266325222,52.786282241505,13.917974600650085,1.4220314831778187,19,0
17.022453522455805,41.86804497307068,29.16015988894611,3.466619266909988,48,0
16.682136122299948,79.10000952255311,18.255818180893996,4.774039506025883,37,0
29.0193826291824,62.11158062342567,10.485191162604563,11.034372295872597,58,0
16.45526012728387,91.86149499037822,3.422873546638001,11.919060185075569,45,1
31.437201185807126,68.39259440149343,4.537404862048037,0.5389355879473903,22,0
29.124844543129925,98.09160567488331,6.759507898537053,9.132095081944705,45,1
16.626975612837995,51.13153094218727,7.5289998402089395,4.460688796828119,35,0
16.69675428170384,92.11739007733664,25.518481735234133,4.70949823475376,13,0
34.73279157002351,86.59581116750451,16.83668364847575,9.051179680164273,73,1
22.485415915122406,86.25531067864313,15.701727341230994,11.021117185744904,47,2
22.412842941337818,90.68699368701326,3.443066156076524,11.411143134030581,31,2
31.25599134515005,85.66143945657993,25.80419080048305,6.92547103245985,11,1
33.94497154767717,77.57321929788492,21.68442909625451,4.285453911606034,40,0
34.720021276457416,47.87469266094325,2.0300508570000475,9.450589030305352,20,0
30.067563705178834,41.95157076947511,21.23505291689306,3.012016599147603,55,0
22.525191710618316,95.2508708689412,16.30614652027938,6.768888346002213,71,1
16.670014333973377,76.99901887124429,2.4517603724033474,4.302941538298478,78,0
30.542938318548735,87.79223745857058,13.749019245859694,7.879572884494513,73,1
26.1680849947161,68.891341090753,14.540888613901409,2.884786954722083,19,0
23.484440184939526,47.038491337743665,4.973236204898273,2.2991153488179092,49,0
33.12708770189472,47.511147532153025,28.37094441000847,11.018869040105244,33,0
17.223949646123028,81.13391723373829,25.499261144419858,1.2216441953944428,53,0
24.852502085817182,65.81835369396777,20.07067011987325,6.07149489281918,69,0
15.227072895348382,52.0314836020202,13.868866830018217,2.650233395556107,71,0
24.373212839882527,69.49567280448622,12.352966247535255,0.4671595599080094,26,0
16.126065513636746,43.85253622450804,19.529204014528624,0.4322258194971167,74,0
17.376358325361437,74.91828411486392,16.362956082207162,2.102661265269928,66,0
17.350524935542097,56.13960426610586,1.8681931764565685,10.401244254072003,64,0
27.984206042321272,87.85354603823129,15.375079463109952,3.38974492772432,62,0
29.920897585308467,58.621717535414426,24.192108516985186,11.405510046903549,65,0
26.667375301943192,67.31320894490807,13.777196327908742,6.979467515870322,18,0
34.24345096949084,40.697232394486036,1.5586973266280524,5.239370277225193,31,0
22.49741159047408,44.34681326767353,23.588345981520995,6.961066016033455,22,0
20.714241725637216,63.549613384401084,6.040913464079232,6.200380622715214,57,0
32.3719825637892,68.79633008302741,7.758625046641163,9.105315045087902,27,0
19.47191677038905,76.00123288715822,4.941190602968877,3.389952791674227,85,0
34.264450788812226,57.499754722558194,9.906451946144927,4.236604699203628,49,0
15.243089493796326,81.69891316759255,22.70254517065905,10.729131630399008,26,1
34.397576534152776,91.60734383135227,15.58157578511812,11.357478157804866,24,1
15.863198239011522,86.791059333601,6.1464382245213764,10.710698729837695,24,1
32.82286227396142,42.37712952090143,26.334902344561225,5.0333759274877625,88,0
25.554022181725998,68.83041683546973,26.387455648545874,9.36438603608258,72,0
34.85929592238601,46.29581070509049,26.117352751380206,5.716028799613186,48,0
16.475931294707976,54.522700951751645,7.163886341446179,5.970478225753226,22,0
26.077085688026415,99.19975559602878,13.537180325429643,2.4561613086874075,41,0
34.38605071238198,48.5497325740908,29.54968968422625,7.0935636391021974,18,0
25.461956883402976,69.93328920708137,23.16037428929971,2.233630773040175,49,0
27.58797276270525,77.08934405908715,0.8150226367667945,3.9787763888063252,29,0
28.914973779692343,82.14789823264624,1.9561377378147615,10.260362419439222,86,1
24.090821295355465,73.57892100921484,13.917941304369982,2.4849097105302627,89,0
27.55116160168127,40.58625084515102,27.276606175846805,0.8538994220811937,82,0
26.686286238462003,59.58767849463951,16.161053938581425,0.8280911113537957,72,0
33.02316020981978,71.06269860308268,14.934375241028707,11.289414246037294,85,1
15.908927606829158,45.27198994869,3.1642109986989175,6.083045255542015,53,0
20.619263791844606,61.037615872550845,19.70340314172882,4.91294486180422,47,0
34.008229681531176,41.99218652748199,24.663094818006766,9.730542972095021,69,0
32.80527567781833,44.71470982930124,11.41260022522687,10.029911134926191,80,0
24.11313505571426,63.815396572095764,23.268355527759823,3.9862923973872553,57,0
27.402651956030734,47.96294524258362,28.934299617024347,8.323416689685542,27,0
20.54762365962265,74.05245089569348,6.112993773830673,9.253473790222639,25,1
18.762423194475225,81.36789814823595,15.699888935842239,7.855808242391454,64,1
24.273968098799642,88.03520194654497,8.614138742537266,1.8191408976011925,48,0
22.067044560521055,52.009014654688606,23.78563257101518,10.510597002204683,77,0
26.67312223701744,50.04895493554419,17.327800976434727,6.469134632832104,68,0
16.554692739299696,46.274070420064014,19.037472526509113,3.3896691164400443,71,0
34.487896153323334,78.1858149726182,23.93742478847682,5.1027382252523275,22,1
34.72421488959206,82.38854358921407,11.879114179873646,0.45085308478688857,15,0
28.963234280394904,41.89516868953852,27.452702052211297,1.5344016146690107,86,0
25.72192732688241,96.17273477462139,15.9908660173842,9.186561006190331,69,1
21.190552325726557,43.118277019088346,4.73864468506044,0.00013961706439369337,23,0
31.275900394138972,72.47778011806423,20.876973545064075,4.998789941787506,63,0
28.694623451077586,82.54363116705498,23.797840513147634,6.270122173027062,13,1
18.252338786897827,92.25814742476513,9.5028503120258,0.6556130400116675,48,0
33.21854368987685,82.84521592794567,25.71537770996259,11.676937955667995,81,1
31.45074485846338,88.10368498418751,27.184297642972993,2.713503974996063,34,0
33.99599826583848,60.367011552568364,8.307134621334267,3.6503846356353704,86,0
29.5143901677672,88.88950682479074,29.505644181456663,3.647310147060328,41,0
27.268303918715798,44.806890783080505,4.221345841462752,2.764999945408199,68,0
23.364860725812377,93.68899936363167,6.060470052074699,0.017685865035736992,72,0
33.65456966708027,72.85554256922418,5.526745177140784,8.752137529055956,47,1
32.32127779000817,89.03786619774962,26.819691300236112,11.602145997591425,62,1
15.904373402123788,67.139097071098,19.628776569748855,2.6915217994205407,76,0
15.52733948994504,78.6146617117915,4.563128496668186,7.956566301641069,37,1
22.52926733756099,71.58415965616679,13.20970255105047,8.902755923504582,12,1
31.211066615636657,83.89537130531991,18.458940752094062,10.181104549086296,89,1
34.74552258629889,44.897798921835374,2.5039225496814987,5.0715503641633095,31,0
18.008337822070565,43.62112503943383,26.47249105222016,3.635170867685151,47,0
26.8826143070427,54.82619404060878,24.108106063246055,3.9035416082763734,81,0
22.61781713262043,49.5726808067913,15.156203207299146,8.551455997182154,81,0
34.398287956292066,92.3070139955321,29.013798457775113,9.801353598067632,71,1
31.842378462714173,53.15283924148266,12.532829378252991,2.179367613079232,66,0
31.766574094222758,98.55191534914788,29.523309571094934,4.451292097893182,15,0
24.373863195899403,60.213747506266415,20.03759996410881,10.8232823609898,87,0
23.296390046753302,50.927074941321955,19.040138197618244,9.68032223633687,41,0
20.468141438614126,87.38191042854875,4.9786468588735495,11.81830083314971,19,2
16.127509933018544,79.52246653005257,26.45783274913932,9.050979116184969,12,1
32.29444752510106,69.89174298718834,12.824690637618454,4.718342412335067,68,0
31.258020182601552,73.32181305625787,4.867002173474381,7.087654007935653,85,1
34.99435346572261,83.15210669633584,0.3782255992727712,7.932171050967844,58,1
34.93273674147811,53.70728447987793,16.792670509151478,0.9414697958054874,68,0
26.10863411205255,99.78003496340452,15.82198866368029,6.533963509246381,40,1
30.37974830361021,98.487589728807,21.580608671074756,8.511849941671315,78,1
33.895314597648564,79.01954118081622,26.707741590534063,2.0078556480127245,71,0
31.99294781354823,51.972547055748706,2.3821975392908854,9.367580609106685,61,0
19.94696203486395,80.81369454587748,21.94489471021087,7.005273366169339,50,1
24.01088270620187,44.33190453875055,5.622358322927466,11.426661428371135,40,0
17.5831883030299,41.839150132348365,25.74531159471492,0.5090675784827003,31,0
34.08102054517445,55.46097331067282,24.571905415849685,3.1839136506656036,13,0
27.123492689017603,67.75737740435898,16.22381264956633,7.218646551597889,22,0
19.572856110069253,92.09635032450282,21.307283958699344,3.5587189464711684,54,0
28.434013688117133,83.63014418597848,9.430503395512451,8.573089968854907,51,1
27.362564809157917,84.56239127199886,14.135036967984439,9.108063390263172,58,1
22.163254360656808,65.52960006688451,24.64910693131415,1.2301915687976934,29,0
17.27115184399258,60.75609955281777,13.777955915196417,6.166253570481213,86,0
28.431463911855992,62.262325779076164,10.733947959763254,6.106686667092671,63,0
25.406154018075867,99.25897382416346,14.826373417508997,4.431369242586493,45,0
30.446367834712788,42.406551484748945,24.84747757311655,11.195098350836066,10,0
25.403270022239866,92.02188976734692,10.056241421126181,9.930075838478654,24,1
32.043630006370805,74.7205245143436,5.212847794072314,8.366512582915641,86,1
26.03813677548971,66.31692515137543,21.360420609923423,8.57191962881997,26,0
26.218759430707728,83.51545962490819,24.779346381242455,5.540593725757429,33,1
32.533072053166904,69.20013648548218,3.019124355706,11.05193425315891,67,0
23.06965732424794,92.40539428489964,7.196223382678342,8.335145127039425,81,2
17.680304569012815,94.04211184067552,4.259159692829817,8.747772739869797,32,1
15.57565352626678,65.30325561240733,10.438242347465,10.340290845448143,55,0
30.10274511347238,56.60966783410309,13.510529367162379,3.288859072106292,81,0
27.406191027069294,75.54101971560173,22.464790108899194,9.684850846400437,17,1
29.08159536198447,94.74180073700145,19.534427546450225,2.3428872354779045,68,0
19.259283230178212,52.63973134033999,18.627857024352934,4.1441034269386545,68,0
17.727429511735394,77.37799501380897,10.571248398289633,4.027325451238113,22,0
15.290893313357639,77.89361320555123,25.243426592542797,11.742305620669686,48,1
22.011751176131938,83.98678134491686,14.138615021944936,10.278446684975123,37,1
26.79835373709266,47.894061107635586,29.373148140454635,8.414038339083117,70,0
22.844880901994646,82.94949788092532,19.024264148872106,8.724681139384682,25,1
23.749498440474582,94.54195123993847,3.7879422469350823,6.744873532830853,11,1
33.08317388987497,50.78098653221452,20.28532686226302,11.36508800530223,26,0
21.965109340466007,54.25259949543266,9.75312046295097,5.955105034588339,39,0
25.279789783196215,98.28370564249838,20.589815900582924,4.566212518438734,22,0
30.67306025482286,50.85861716256939,2.0892344448721722,1.956424043179092,22,0
22.930855646425403,91.26310560217475,5.246443115278781,9.434467827132696,52,2
27.441734004557468,69.53667138688209,25.67211776717359,8.813327184907097,30,0
32.2472741749349,54.833864464190626,6.815386710705447,4.612260462289619,64,0
33.990412473152844,92.24499407635068,25.1112337572882,0.3023209675107523,49,0
17.941469618580758,66.71831530015993,8.378282653632313,10.067967932616128,24,0
33.53175250322989,70.8890412357814,19.286457301761228,0.1370158014488836,82,0
24.842325861590766,61.55400216398594,20.82451720529493,8.444397355548611,61,0
20.164887765979167,75.57705108609565,15.379642594351587,11.643085316712686,83,1
24.182715124765224,49.81143235510137,9.159320300901939,5.251935937778441,62,0
34.60065150570954,63.46489219910564,6.379331291132884,2.819680859951433,61,0
24.85236187985739,98.16473934011725,0.9956806368727866,8.45845212052058,39,2
21.575032205750162,55.48800596206765,9.118392037221714,9.80553770418702,42,0
27.668017086334515,79.40419987247753,19.59488371593849,6.557163792934167,66,1
19.802912375563864,59.511403853481696,28.14914455345448,11.604423303073755,61,0
16.51726656217328,86.40838754119605,26.136134467891562,0.6200246598955332,18,0
17.577594438212984,47.85241964310099,22.98194329605908,6.057547179654337,63,0
17.56091677915545,98.18926270471269,23.65342029759896,8.621447367870601,10,1
18.038053870245886,67.22737248301836,19.94954710427986,10.351685653790147,53,0
17.776543452988204,54.16302780078784,7.80860572698009,2.1510673428934806,84,0
27.817494896064293,44.409804839800756,27.215850921174894,9.600041781164176,89,0
18.637601687982897,50.18547430525244,20.121969357175022,6.632484908622543,18,0
21.913345666477262,71.18643691336106,16.8132189294132,4.758644183879559,41,0
32.935768198120236,60.22019058587718,3.3296840764044324,1.5805803429491228,24,0
24.479232805257446,89.73300195295657,13.411666314192763,10.38354910690695,21,2
28.351154770420543,65.85325141970836,13.81074813605779,1.8872784981565842,87,0
18.446397424032597,54.92285635525779,25.9369082856801,3.717454310509191,66,0
18.845780376173416,77.0286991962418,16.399446605633653,3.4805463835492425,17,0
15.817372325329577,82.40663301312675,11.41201646911229,10.456968410290251,81,1
18.37870126144329,50.02251447405699,29.30400985531978,8.072435930506776,36,0
20.57180678063917,50.05715297729906,3.32161779978947,9.560176766296468,71,0
18.540209685534936,42.20028561601258,12.676452849358338,3.0056147855099877,21,0
16.774050675141112,84.18412090393844,1.2607402551421587,7.498489195283987,74,1
17.412717422012015,79.8282716573083,22.19712362300791,6.860951797724985,51,1
24.215575360654515,68.47785254498883,27.542296565974517,9.993964521459253,71,0
19.12667436811585,90.65022693815183,8.401119886514683,10.873044725775127,20,2
22.28539722096151,88.34020917700319,25.750250303973626,0.1458812577286417,52,0
25.068345417097138,75.12126186380513,8.766546913856933,8.088239028705512,26,1
28.807896572587307,92.09627683079552,27.323104849317456,0.6220295894367482,41,0
15.786242796821979,52.350472602206096,22.61885710790352,6.586303980928271,49,0
30.988207978180853,46.71517716386367,24.14720330524316,3.4515927485241384,32,0
27.558007789818156,56.18497669101937,0.540196668013635,3.6813191942656944,65,0
16.635180638977438,43.42521136535889,28.884310712220778,4.235502041428279,15,0
32.47157248213554,71.87017168006193,21.800129762109698,7.455509388595321,59,1
33.417448010636264,96.19634153769769,9.142532861584,4.0085995880252305,46,0
16.221559197097275,42.36061244011058,24.881839945765407,8.792388607083364,73,0
20.537552962944076,47.32659484060161,8.445635952447898,4.854328626886437,63,0
31.124025595861227,67.13194169700611,26.18261518698384,0.8202384037195034,81,0
29.965193807673167,96.0325010516743,3.3774117123581107,9.405118109809287,58,1
18.690420387127546,58.96936629860503,21.110579323823874,3.429099895112472,20,0
19.186986466734204,70.43408852130355,16.22095429934731,5.193202555191151,58,1
22.40944205582764,42.494371543023526,2.896034105863224,8.225326598662818,30,0
24.690459703820427,48.90059205772533,7.2568148477651695,3.989473885784544,75,0
27.36509543060592,99.19780737753081,0.3721210883194437,0.6790278737605875,72,0
22.378272791395446,97.90712178616273,14.063038963935174,4.487052564153763,37,0
24.25069432266296,40.29639885606458,9.037957822800012,11.333382992331641,26,0
29.94941876267513,97.10870712539435,17.950724528932763,7.700812767582699,15,1
15.733664057811957,78.34719626893002,8.917134231258515,8.057749784006482,28,1
20.048738886880415,92.07509767120132,8.99757334520954,7.587385843651678,65,1
29.26699171769105,67.28439133803155,22.2957959619481,2.3879056675132415,37,0
32.904136753743984,70.93576171475502,1.4442850793506035,5.020006369227362,75,1
25.233548842313322,69.3307948154152,27.086849855759617,9.011277580359819,47,0
25.642269705306312,80.01185545276627,25.567916231735445,1.2164747706379098,46,0
17.14344022679552,48.379075285378775,20.034140496792194,3.334233313076547,77,0
23.948247336469095,41.798415392360674,17.796647103221527,3.3158293015902434,58,0
25.652345329100463,58.47579649547146,26.769074944189565,5.184227131134072,52,0
19.849410072694592,82.2808457641988,5.559905385861433,11.76442489130622,45,1
20.38486461898762,52.1112071273769,2.3690748657248584,0.8100305602058633,67,0
22.545683262092453,80.40594599949503,7.185305097286143,6.22441193256714,22,1
15.401423955554527,98.19472276643623,23.83734836100571,2.1523761841465254,61,0
21.441583311663564,45.6340429473651,1.0401080017944997,11.64811854491693,67,0
19.22896013993089,80.35612709350758,17.484205052504688,1.3596420567295704,41,0
21.54994704355829,66.62501315827427,29.8631254857393,4.843212028339095,69,0
17.395242636385024,92.08853526265032,25.670882815126184,8.854619818015275,67,1
32.8105456147979,50.628987366843155,15.643370671307684,8.454653136329343,65,0
26.871849071080973,81.55755713356987,1.9092272785992703,5.072743642727187,37,1
28.582046382889793,90.28691737888661,24.941205431571294,4.158290015432619,10,0
30.783424772146766,96.6768531684414,17.969355245316315,4.771348542634447,51,0
24.968843978581145,80.99488169737876,3.4479899117870048,3.1713151579036714,57,0
16.738405761748474,69.83048584050565,2.815718544700686,2.4639952644815977,49,0
25.742130836370954,77.07083441207283,27.28880458309777,5.79647637070668,72,1
26.736822360417584,92.1342990687231,20.076007888142353,3.222405072811288,85,0
29.9087894836866,74.23658479832977,24.878603979502667,3.4495399787670014,81,0
23.63319092459359,41.82322358181021,26.36936700846802,7.881072761694685,89,0
17.551606055911275,95.85692173041866,17.153170561449667,11.622447980398707,13,1
20.67551811597449,81.37160506189366,15.523390552651238,7.243646406712501,47,1
22.2616459279727,80.59080314663478,12.912822309629705,0.9237536047795953,36,0
27.918344826632023,52.94050914386303,9.508397633733578,0.9070033662488037,18,0
26.41556609337824,79.53312821395943,13.037878825761354,11.417078650146792,25,1
22.121934517956923,63.63186433924951,23.216389671904693,3.5674894836880036,65,0
34.730304975859596,79.07397862248953,18.057702930453946,1.1048038329897052,85,0
27.115496387137743,46.39558181847944,26.77569869864538,7.188535045804579,40,0
19.74453583471989,79.47071827618217,13.301400431375631,7.483785339483193,23,1
17.035649452408073,99.96482354623998,18.212687361562622,7.782057841424258,34,1
18.057182783686642,42.892722331633365,18.93922659275966,3.2088243342904956,43,0
19.919154567690164,98.63045105327905,17.750914869189767,0.1813282105737004,76,0
18.213627465191113,64.41447764337224,21.07901319256549,11.580184433453663,33,0
18.731340481026116,92.24520702023554,7.123004051244188,3.01071654829323,82,0
20.70190337387694,86.94312904349641,15.370913326373719,8.11231545663057,35,2
18.467471905895096,74.02097565920008,3.12674408425043,8.479558438544515,29,1
32.935308492528506,84.30695255507959,11.535339829344377,7.320089004953829,73,1
16.604674913232845,92.71093367808086,14.630012058637933,3.7548887305637786,19,0
25.490227791405093,64.24841929906198,19.566727786364176,3.253155045168789,76,0
23.20793653979323,59.62198969379432,28.515931577586105,7.172019392432437,33,0
34.647572338172125,80.05560313381508,18.019531996450677,10.393147603340298,14,1
17.240778043361047,88.47075651647552,22.307817485296795,11.360804747080747,76,1
22.95711198091483,85.73710808659695,15.187981784856083,1.2708696528450916,67,0
34.389408665507375,87.86881893151806,19.02312094128994,1.8579433511726382,36,0
32.310142517879605,66.13499888877598,2.1279664840132027,11.336835105396956,89,0
31.3414414189856,89.0700529705013,7.631747425255409,8.83842274001751,24,1
20.158056540898798,47.212543322236506,10.855592796154161,10.595925897957276,44,0
18.417751747801315,72.66934587765098,14.174800650195408,2.431591609624118,85,0
28.37286439848862,40.34551962988729,1.369462365071512,7.051030453312823,62,0
33.587519782551716,59.47514979401622,4.20072292659953,8.413675133009683,53,0
26.135257860278596,61.98769209228387,8.304429233739173,8.161342625363671,35,0
26.432253789397997,63.770361496555324,29.14598072703152,4.897820290400377,56,0
20.599581873205683,81.72803240139173,9.940410213091523,0.18473870029570172,43,0
30.389858663838737,63.31348607622074,14.461231743362475,6.9951126816511575,59,0
18.74087497115047,66.92161735735183,5.882931382151789,3.037218470155305,21,0
21.473584728084873,54.252647852459646,18.32340213227305,5.4030509537146845,13,0
23.508728772328336,62.39510749776041,8.420496465479228,11.490972181005809,57,0
25.1522075736891,53.63617763578909,6.209777353152804,4.788423811709217,64,0
19.848194648301604,44.39175542610662,15.497178853379372,10.07761927997312,10,0
17.29673649478407,76.20691560288267,0.16517397481262464,2.2624872689910136,75,0
27.21240084883265,80.09276791330097,0.22992097947675982,8.069525976300346,39,1
20.772611064805115,77.16942076057687,6.572064273055734,11.724083453267323,12,1
26.624764428452245,67.80964262803434,1.1016408750246343,1.2227172104752415,30,0
18.087254305484045,62.78714681075379,3.2407726239207415,0.09983930672630414,58,0
24.62280203709635,91.80001897430952,10.165819480162547,5.202993511591372,71,1
25.651788651031715,71.14490710817309,24.077570387394385,1.1115057966164064,47,0
16.03647073644854,68.75091265778386,17.161459301079024,8.980612196114777,24,0
21.732085563878414,41.53852394838614,15.380031778692492,10.974583966182706,61,0
17.688293538779483,60.474869657569386,8.804664696243648,5.2082516725051065,88,0
16.267499409455354,62.811737127151424,27.952611582984492,3.1045397058652915,55,0
34.7992046477989,63.92936685381403,11.91045123711575,5.212839828079318,34,0
21.44707689949446,74.81034215363994,2.6127830038731448,8.681373814200011,30,1
31.1974889170927,72.0161528036127,18.511995483534037,0.10864993896445174,14,0
20.092813095275275,76.47430556760668,3.415151804298042,7.073447873816367,79,1
28.630054444478585,85.8929956925277,10.356694284050763,7.359500218648549,56,1
30.204557197793733,88.7791443229656,15.222358161534267,7.652258962751226,77,1
26.912774812156886,83.08738457358967,26.226675740555272,2.9042649597705266,27,0
24.431523771003167,97.33142175729608,14.80639741020356,8.56863268053752,30,2
23.23681828294537,41.0939549605817,21.06776298094993,1.0966978359813169,32,0
21.977365330859904,51.74667914101276,29.78450516997211,2.3912440376016098,73,0
33.59058288495652,40.45377249868853,3.944673596939449,10.529640559853783,76,0
31.612388155754584,78.84848284927618,8.241945765585585,8.864677808718795,49,1
34.300538213330256,93.88183293699922,11.837282267929393,0.16494664813614301,19,0
17.485944469710894,54.608937794577955,12.654845356164941,2.9805151244376025,61,0
29.617349504072884,95.6220726877784,12.330632257966373,2.5728777959179747,81,0
33.76680913642076,43.61604341737365,27.228330076696647,3.249675936443671,84,0
18.6246613233132,96.06616160833086,21.420979334005693,2.970717243358637,70,0
16.32992534733555,61.09736123437806,18.237156422721114,0.7503155489141489,73,0
29.82241298580118,46.08524970695299,9.281181535883462,5.507286199161844,14,0
26.489462263598238,69.15230555117954,24.71371152663884,8.792801697433982,62,0
31.83657553516544,55.40659406323048,28.651815344549668,7.280780696609237,64,0
17.79544753252579,57.092374117715366,24.635948476506798,8.074460023176957,46,0
30.905346237197804,58.43739789557719,0.046953155744187125,0.9737901424348698,65,0
19.032546400954892,88.1815538699598,19.09204110550221,11.417888522121446,68,2
18.27311885731409,72.34967660051527,1.5340614432630217,10.061902006116298,78,1
18.285315958619858,58.67846194936022,7.728216610011655,9.661083821947953,82,0
31.29149440462764,76.6200269986551,1.7857410104331506,9.87580566050121,68,1
28.303944413924,82.96904045339161,18.11386358848163,11.192526097593136,11,1
25.461308495382386,56.35744004401202,20.597697404778202,6.531047593364372,74,0
22.17660968247005,64.8129460915211,3.4346291419771537,2.4033842144115107,69,0
32.544010816262166,47.313165600216855,11.515166491349385,7.401403294230494,60,0
22.84890214845271,50.86896097208082,13.68709526866626,8.914577924015267,39,0
31.33198878943154,80.86707123789897,11.071590652827497,8.855008720248305,20,1
23.78269817140437,50.88630086173762,3.630750014555791,6.257388290002561,85,0
22.538888588498153,71.50980302002361,12.568433705624262,0.8215046320029367,48,0
24.25359571339213,82.54277570334597,22.535341434252544,4.4533552611615335,86,0
21.02755748328284,46.41261538568463,2.130229935997664,11.049199301560288,81,0
29.952187603525022,74.03873317773422,2.4054004224571033,7.013386917089113,72,1
25.054407801849585,55.393767022081825,10.643138755079526,6.459983319068561,73,0
19.644253902936345,97.77561251425479,28.25177134856775,3.226242172586322,70,0
32.991491465491364,69.01273880319548,20.05717940168742,4.421387038998947,63,0
22.67782442746423,88.35955298650948,20.360098700176945,10.744153069838031,82,2
25.871057222279774,73.0135925293757,10.857599725135948,7.997556570322029,67,1
33.12944221929094,42.60475197128915,17.809823736256153,9.448644321027995,65,0
27.484759918279842,77.98908253564134,0.30393552083230135,5.452145076811862,43,1
17.337960814167282,97.08420053239942,19.082881392286268,7.562966633473895,40,1
33.796642472269504,76.09670920877987,27.3986084272871,2.9806033049184903,61,0
27.554161061428356,89.15133156560742,18.377204050344574,8.465529963401835,85,1
21.698112293141723,93.05238780090447,26.21095780399035,5.131216004440048,10,1
17.785441453267744,53.68478631693595,21.719191663982816,5.310546177776947,64,0
30.88050378540592,52.7226903944936,3.6167524921107077,7.79186789492258,31,0
27.40145511857027,76.6588593310595,27.07359921857525,11.23536745762712,49,1
25.66922183952643,64.66170818840229,1.9933153306732465,0.7680761593034511,10,0
32.87785166101915,90.39167817200322,16.019024176432914,9.896918848164091,74,1
30.771944224490614,94.00138740388067,4.26411371380373,3.5085973249463174,72,0
18.033497594655024,61.20528275816309,0.35119832192712197,5.327033454076534,63,0
21.234441355910967,54.21223353846892,12.661027803829171,0.26295994530010747,51,0
19.969782796289316,86.83153091463171,8.851221229624688,3.6125529340117564,30,0
29.878925851453538,56.48836213288817,14.580014813928091,6.031574911561566,88,0
15.670648694715588,89.3568591108207,17.315996602036524,0.6741129281692682,31,0
26.39779369742633,65.42429521892578,1.3121721692684207,5.893148752597982,47,0
30.24917371481381,80.05299395748823,3.690098853712369,11.125327546301127,89,1
32.53531273523499,45.73211883008009,16.75927189351276,1.2647186172936626,17,0
21.841634974318147,77.43155948059439,10.295020595179746,9.173288736906052,71,1
31.425146093440258,67.10606072423374,21.87520462648344,4.916052640511912,56,0
17.212634739104146,75.19650779052844,19.56874945775819,7.862084574292057,26,1
31.929045834690363,50.0808524646918,25.368130889697206,3.1228391758227523,26,0
17.54977324663965,84.21242469665093,20.77478480007676,1.9139071504962994,22,0
22.945745811207345,91.7678246525937,12.897932321704443,1.9255513712547172,26,0
30.94590731559107,53.00438800544654,20.188998671832973,0.8459033477177358,47,0
17.998348546975475,45.7428733312097,8.261435227662556,2.2277604588149162,87,0
19.58502790465283,41.41831516278018,9.18940496334638,7.970632619867619,54,0
29.445051367861325,78.51829002659596,23.6695547976238,10.580287342122096,15,1
29.400730730921488,76.42564216532685,13.392585492047465,9.769508227093942,44,1
27.822952657705947,72.8018447628442,23.951410215550574,8.22161171849381,23,1
28.878968889342,53.916825766958524,24.672671210048353,1.325182360933232,81,0
25.854488866951925,63.45435975433088,25.726870129838513,3.470249355551398,70,0
20.035981178139053,75.66858011117039,27.49905707523622,3.7176825038696277,24,0
21.913919870078388,69.80601153155015,12.929556615398887,2.9994833567714547,63,0
18.631954336028514,99.26713121289325,9.566004549634165,6.180067916516677,36,1
33.169011226672566,48.18638515340399,17.465962397823414,6.426645778556071,22,0
26.66783589532241,81.70867324285562,11.135172703128827,4.282631702053322,40,0
23.017028335272798,64.25912608625752,18.03222500400699,4.245469904837233,44,0
24.240116072882653,65.69197689553688,21.16757587931474,9.942667174872977,69,0
33.94566679223631,83.05586593949057,20.652150554764106,9.471514179836227,15,1
18.067028062321604,81.54616907946217,11.236586610603641,3.6935499801689478,78,0
26.724596640335946,99.4753596221313,5.005806050962585,10.965461326479112,67,1
25.11777357768932,47.703657367247516,12.915880153866226,11.433780204030072,58,0
27.22908470869296,46.246578963049984,4.277824322457262,3.92091050436049,32,0
15.36220367641681,83.46032902772447,26.70291105551425,4.253099385516658,43,0
32.44247817888303,74.70321502038455,10.376323822135722,6.067609841063506,35,1
33.64236564967224,56.44963999358835,4.6337924166997135,11.293449750404083,56,0
26.30266367178418,44.765162139339196,0.7634327971725263,10.515833197707739,14,0
28.933016477537844,45.13949497578583,19.374671588594527,1.2308155510030776,29,0
33.449987623545915,93.6514524798471,19.1070695236423,4.712768919256995,15,0
